epoch,train_loss,train_acc,train_auc,val_loss,val_acc,val_auc
1,0.55436042,0.97241614,0.71247779,0.33974307,0.95290566,0.80386533
2,0.49196863,0.93524773,0.80547892,0.33942070,0.89781132,0.81741735
3,0.46648097,0.90155088,0.82708594,0.27058780,0.92166038,0.82752063
4,0.46109436,0.90045659,0.82873274,0.32731844,0.86837736,0.83778413
5,0.43970694,0.89268329,0.85299190,0.25412653,0.92226415,0.84341823
6,0.43223238,0.90106034,0.84733537,0.31562740,0.86671698,0.85270069
7,0.42732951,0.88528735,0.84864188,0.21285737,0.93781132,0.85777662
8,0.43092054,0.89124939,0.85447045,0.26369456,0.90203774,0.85499372
